Group,Total_pessoa,Total,Meta
Wild Travis,6.714285714285714,47,21
Living the Podium,6.428571428571429,45,21
Shorts cenoturnos,5.375,43,24
Junebilos,3.5714285714285716,25,21
