Group,Total_pessoa,Total,Meta
Living the Podium,5.142857142857143,36,21
Wild Travis,4.142857142857143,29,21
Junebilos,3.5714285714285716,25,21
Shorts cenoturnos,3.5,28,24
