Group,Total_pessoa,Total,Meta
Living the Podium,6.333333333333333,38,18
Shorts cenoturnos,4.5,36,24
Wild Travis,4.285714285714286,30,21
Junebilos,3.142857142857143,22,22
