Group,Total_pessoa,Total,Meta
Living the Podium,4.857142857142857,34,21
Wild Travis,4.666666666666667,28,18
Shorts cenoturnos,4.285714285714286,30,21
Junebilos,3.6666666666666665,22,18
