Group,Total_pessoa,Total,Meta
Living the Podium,5.428571428571429,38,21
Wild Travis,4.285714285714286,30,21
Junebilos,3.8333333333333335,23,18
Shorts cenoturnos,3.75,30,24
